﻿<?xml version="1.0" encoding="utf-8"?>
<Project Name="reg_inf.ua.xml" ProxyFilter="" Flags="DLCTL_DLIMAGES, DLCTL_VIDEOS, DLCTL_BGSOUNDS, DLCTL_NO_SCRIPTS, DLCTL_NO_JAVA, DLCTL_NO_RUNACTIVEXCTLS, DLCTL_NO_DLACTIVEXCTLS, DLCTL_NO_FRAMES, CMD_ALLOWPOPUP" Version="3.0">
  <Step ID="●9●5●2●8●4●3●" Type="Web" x="30" y="30">
    <Branch ID="cca-2070" Type="WebBrowser" PictureIndex="" Action="Set" Name="CMD_CLEARCOOKIE" Comment="Очистка куков">
      <Parameters />
      <Results />
    </Branch>
    <Branch ID="nav-6835" Type="WebBrowser" PictureIndex="" Action="Set" Name="CMD_NAVIGATE" Comment="Переход на free.1gb.ua">
      <Parameters>
        <Value>free.1gb.ua-|-page</Value>
      </Parameters>
      <Results />
    </Branch>
    <Branch ID="vc-8814" Type="HTMLElement" PictureIndex="1986212862" Action="Set" Name="value" Comment="Установка значения [{-Person.H...] элементу с тэгом [input:text]">
      <Parameters>
        <Finder>
          <Document />
          <Form />
          <Element>
            <TabPath>page</TabPath>
            <DocPath>0</DocPath>
            <Tag>input:text</Tag>
            <FormNumber>0</FormNumber>
            <SearchCondition AttrName="name" AttrValue="w_domain" SearchKind="text" GroupNumber="0" Number="0" />
            <SearchCondition AttrName="fulltag" AttrValue="input:text" SearchKind="text" GroupNumber="2" Number="0" />
          </Element>
        </Finder>
        <Value>{-Person.HumanLogin-|-[Eng|4][RndNum|1970|1990]-}</Value>
      </Parameters>
      <Results />
    </Branch>
    <Branch ID="re-8769" Type="HTMLElement" PictureIndex="1358840761" Action="RiseEvent" Name="click" Comment="Клик по кнопке &quot;  &gt;  &quot;">
      <Parameters>
        <Finder>
          <Document />
          <Form />
          <Element>
            <TabPath>page</TabPath>
            <DocPath>0</DocPath>
            <Tag>input:submit</Tag>
            <FormNumber>0</FormNumber>
            <SearchCondition AttrName="fulltag" AttrValue="input:submit" SearchKind="text" GroupNumber="2" Number="0" />
          </Element>
        </Finder>
        <Emulation>False</Emulation>
      </Parameters>
      <Results />
    </Branch>
    <Branch ID="vc-8700" Type="HTMLElement" PictureIndex="1317530849" Action="Set" Name="value" Comment="Установка значения [True] элементу с тэгом [input:checkbox]">
      <Parameters>
        <Finder>
          <Document />
          <Form />
          <Element>
            <TabPath>page</TabPath>
            <DocPath>0</DocPath>
            <Tag>input:checkbox</Tag>
            <FormNumber>0</FormNumber>
            <SearchCondition AttrName="id" AttrValue="batch_1_inf_ua" SearchKind="text" GroupNumber="1" Number="0" />
            <SearchCondition AttrName="fulltag" AttrValue="input:checkbox" SearchKind="text" GroupNumber="2" Number="1" />
          </Element>
        </Finder>
        <Value>True</Value>
      </Parameters>
      <Results />
    </Branch>
    <Branch ID="vc-5251" Type="HTMLElement" PictureIndex="1036315135" Action="Set" Name="value" Comment="Установка значения [{-Person.H...] элементу с тэгом [input:text]">
      <Parameters>
        <Finder>
          <Document />
          <Form />
          <Element>
            <TabPath>page</TabPath>
            <DocPath>0</DocPath>
            <Tag>input:text</Tag>
            <FormNumber>0</FormNumber>
            <SearchCondition AttrName="name" AttrValue="reg_mail" SearchKind="text" GroupNumber="0" Number="0" />
            <SearchCondition AttrName="id" AttrValue="reg_mail" SearchKind="text" GroupNumber="1" Number="0" />
            <SearchCondition AttrName="fulltag" AttrValue="input:text" SearchKind="text" GroupNumber="2" Number="2" />
          </Element>
        </Finder>
        <Value>{-Person.HumanLogin-|-[Eng|4][RndNum|1970|1990]-}@spam.su</Value>
        <Finder>
          <Document />
          <Form />
          <Element>
            <TabPath>page</TabPath>
            <DocPath>0</DocPath>
            <Tag>input:text</Tag>
            <FormNumber>0</FormNumber>
            <SearchCondition AttrName="name" AttrValue="reg_mail" SearchKind="text" GroupNumber="0" Number="0" />
            <SearchCondition AttrName="id" AttrValue="reg_mail" SearchKind="text" GroupNumber="1" Number="0" />
            <SearchCondition AttrName="fulltag" AttrValue="input:text" SearchKind="text" GroupNumber="2" Number="2" />
          </Element>
        </Finder>
      </Parameters>
      <Results />
    </Branch>
    <Branch ID="vc-6477" Type="HTMLElement" PictureIndex="464068259" Action="Set" Name="value" Comment="Установка значения [020688] элементу с тэгом [input:password]">
      <Parameters>
        <Finder>
          <Document />
          <Form />
          <Element>
            <TabPath>page</TabPath>
            <DocPath>0</DocPath>
            <Tag>input:password</Tag>
            <FormNumber>0</FormNumber>
            <SearchCondition AttrName="name" AttrValue="reg_pwd1" SearchKind="text" GroupNumber="0" Number="0" />
            <SearchCondition AttrName="id" AttrValue="reg_pwd1" SearchKind="text" GroupNumber="1" Number="0" />
            <SearchCondition AttrName="fulltag" AttrValue="input:password" SearchKind="text" GroupNumber="2" Number="0" />
          </Element>
        </Finder>
        <Value>020688</Value>
      </Parameters>
      <Results />
    </Branch>
    <Branch ID="vc-2767" Type="HTMLElement" PictureIndex="1876847741" Action="Set" Name="value" Comment="Установка значения [020688] элементу с тэгом [input:password]">
      <Parameters>
        <Finder>
          <Document />
          <Form />
          <Element>
            <TabPath>page</TabPath>
            <DocPath>0</DocPath>
            <Tag>input:password</Tag>
            <FormNumber>0</FormNumber>
            <SearchCondition AttrName="name" AttrValue="reg_pwd2" SearchKind="text" GroupNumber="0" Number="0" />
            <SearchCondition AttrName="id" AttrValue="reg_pwd2" SearchKind="text" GroupNumber="1" Number="0" />
            <SearchCondition AttrName="fulltag" AttrValue="input:password" SearchKind="text" GroupNumber="2" Number="1" />
          </Element>
        </Finder>
        <Value>020688</Value>
      </Parameters>
      <Results />
    </Branch>
    <Branch ID="cr-3252" Type="Captcha" PictureIndex="193217366" Action="Get" Name="Anti-Captcha.dll" Comment="Распознаем капчу">
      <Parameters>
        <Finder>
          <Document />
          <Form />
          <Element>
            <TabPath>page</TabPath>
            <DocPath>0</DocPath>
            <Tag>img</Tag>
            <FormNumber>0</FormNumber>
            <SearchCondition AttrName="fulltag" AttrValue="img" SearchKind="text" GroupNumber="1" Number="4" />
          </Element>
        </Finder>
        <ModuleParameters>ScaleFactor=10&amp;MergeCaptchas=False&amp;LastMergedCaptcha=False</ModuleParameters>
      </Parameters>
      <Results />
    </Branch>
    <Branch ID="sv-1658" Type="HTMLElement" PictureIndex="913665664" Action="Set" Name="value" Comment="Установка текста капчи">
      <Parameters>
        <Finder>
          <Document />
          <Form />
          <Element>
            <TabPath>page</TabPath>
            <DocPath>0</DocPath>
            <Tag>input:text</Tag>
            <FormNumber>0</FormNumber>
            <SearchCondition AttrName="name" AttrValue="asp1" SearchKind="text" GroupNumber="0" Number="0" />
            <SearchCondition AttrName="id" AttrValue="asp1" SearchKind="text" GroupNumber="1" Number="0" />
            <SearchCondition AttrName="fulltag" AttrValue="input:text" SearchKind="text" GroupNumber="2" Number="4" />
          </Element>
        </Finder>
        <Value>{-FieldData.FieldData-|-●9●5●2●8●4●3●-|-cr-3252-|-Recognized-}</Value>
      </Parameters>
      <Results />
    </Branch>
    <Branch ID="vc-3416" Type="HTMLElement" PictureIndex="597147797" Action="Set" Name="value" Comment="Установка значения [True] элементу с тэгом [input:checkbox]">
      <Parameters>
        <Finder>
          <Document />
          <Form />
          <Element>
            <TabPath>page</TabPath>
            <DocPath>0</DocPath>
            <Tag>input:checkbox</Tag>
            <FormNumber>0</FormNumber>
            <SearchCondition AttrName="name" AttrValue="eula" SearchKind="text" GroupNumber="0" Number="0" />
            <SearchCondition AttrName="id" AttrValue="ieula" SearchKind="text" GroupNumber="1" Number="0" />
            <SearchCondition AttrName="fulltag" AttrValue="input:checkbox" SearchKind="text" GroupNumber="2" Number="0" />
          </Element>
        </Finder>
        <Value>True</Value>
      </Parameters>
      <Results />
    </Branch>
    <Branch ID="≡6≡7≡0≡4≡3≡2≡3≡8≡5≡" Action="Get" Type="Macros" PictureIndex="" Name="{-Pause-|-2-}">
      <Parameters />
      <Results />
    </Branch>
    <Branch ID="re-6754" Type="HTMLElement" PictureIndex="833668943" Action="RiseEvent" Name="click" Comment="Клик по кнопке &quot;Продолжить&quot;">
      <Parameters>
        <Finder>
          <Document />
          <Form />
          <Element>
            <TabPath>page</TabPath>
            <DocPath>0</DocPath>
            <Tag>input:submit</Tag>
            <FormNumber>0</FormNumber>
            <SearchCondition AttrName="id" AttrValue="submit_button" SearchKind="text" GroupNumber="1" Number="0" />
            <SearchCondition AttrName="fulltag" AttrValue="input:submit" SearchKind="text" GroupNumber="2" Number="0" />
          </Element>
        </Finder>
        <Emulation>False</Emulation>
      </Parameters>
      <Results />
    </Branch>
    <Branch ID="re-9419" Type="HTMLElement" PictureIndex="1792660625" Action="RiseEvent" Name="click" Comment="Клик по ссылке &quot;Посмотреть инструкцию по настройке FTP и пароли&quot;">
      <Parameters>
        <Finder>
          <Document />
          <Form />
          <Element>
            <TabPath>page</TabPath>
            <DocPath>0</DocPath>
            <Tag>a</Tag>
            <FormNumber>-1</FormNumber>
            <SearchCondition AttrName="href" AttrValue="javascript:open_ftp_params\(\)" SearchKind="regexp" GroupNumber="0" Number="0" />
            <SearchCondition AttrName="InnerText" AttrValue="Посмотреть\ инструкцию\ по\ настройке\ FTP\ и\ пароли" SearchKind="regexp" GroupNumber="1" Number="0" />
          </Element>
        </Finder>
        <Emulation>False</Emulation>
      </Parameters>
      <Results />
    </Branch>
    <Branch ID="≡2≡3≡1≡9≡8≡2≡7≡1≡6≡" Action="Get" Type="WebBrowser" PictureIndex="" Name="CMD_DOM_HTML">
      <Parameters>
        <Value>page-|-ftp:\/\/.*http\/</Value>
      </Parameters>
      <Results />
    </Branch>
    <Branch ID="≡2≡0≡8≡4≡7≡1≡8≡2≡5≡0≡" Action="Get" Type="Macros" PictureIndex="" Name="{-RegExp.RegExp-|-{-FieldData.FieldData-|-●9●5●2●8●4●3●-|-≡2≡3≡1≡9≡8≡2≡7≡1≡6≡-}-|-(?&lt;=blank\&gt;ftp:\/\/).*(?=:)-|-0-}" Comment="регуляркой дергаем логин">
      <Parameters />
      <Results />
    </Branch>
    <Branch ID="≡7≡7≡7≡6≡6≡1≡0≡9≡1≡" Action="Get" Type="Macros" PictureIndex="" Name="{-RegExp.RegExp-|-{-FieldData.FieldData-|-●9●5●2●8●4●3●-|-≡2≡3≡1≡9≡8≡2≡7≡1≡6≡-}-|-[\.\-_A-Za-z0-9]+?@-|-0-}" Comment="спарсили пароль вместе с @">
      <Parameters />
      <Results />
    </Branch>
    <Branch ID="≡1≡9≡6≡8≡2≡6≡5≡4≡7≡2≡" Action="Get" Type="Macros" PictureIndex="" Name="{-RegExp.RegExp-|-{-FieldData.FieldData-|-●9●5●2●8●4●3●-|-≡7≡7≡7≡6≡6≡1≡0≡9≡1≡-}-|-.*(?=@)-|-0-}" Comment="убрали нах собаку в пароле">
      <Parameters />
      <Results />
    </Branch>
    <Branch ID="≡2≡0≡6≡3≡4≡0≡4≡1≡1≡8≡" Action="Get" Type="Macros" PictureIndex="" Name="{-RegExp.RegExp-|-{-FieldData.FieldData-|-●9●5●2●8●4●3●-|-≡2≡3≡1≡9≡8≡2≡7≡1≡6≡-}-|-(?&lt;=@).*(?=\&quot; target)-|-0-}" Comment="тырим ftp с папкой">
      <Parameters />
      <Results />
    </Branch>
    <Branch ID="≡9≡0≡9≡4≡3≡2≡0≡6≡6≡" Action="Get" Type="Macros" PictureIndex="" Comment="пишем логин в файл" OutGood="" Name="{-File.AppendString-|-\Results\dima\data.txt-|-{-FieldData.FieldData-|-●9●5●2●8●4●3●-|-≡2≡0≡8≡4≡7≡1≡8≡2≡5≡0≡-}-|-false-}">
      <Parameters />
      <Results />
    </Branch>
    <Branch ID="≡1≡5≡5≡5≡6≡6≡4≡4≡9≡8≡" Action="Get" Type="Macros" PictureIndex="" Comment="пишем пароль в файл" Name="{-File.AppendString-|-\Results\dima\data.txt-|-:{-FieldData.FieldData-|-●9●5●2●8●4●3●-|-≡1≡9≡6≡8≡2≡6≡5≡4≡7≡2≡-}-|-true-}">
      <Parameters />
      <Results />
    </Branch>
    <Branch ID="≡1≡7≡8≡8≡1≡2≡7≡7≡2≡9≡" Action="Get" Type="Macros" PictureIndex="" Comment="пишем ftp+папка в файл отдельный" Name="{-File.AppendString-|-\Results\dima\ftp.txt-|-{-FieldData.FieldData-|-●9●5●2●8●4●3●-|-≡2≡0≡6≡3≡4≡0≡4≡1≡1≡8≡-}-|-true-}">
      <Parameters />
      <Results />
    </Branch>
  </Step>
</Project>