﻿<?xml version="1.0" encoding="utf-8"?>
<Project Name="subtitres.xml" ProxyFilter="" Flags="DLCTL_DLIMAGES, DLCTL_VIDEOS, DLCTL_BGSOUNDS, DLCTL_NO_SCRIPTS, DLCTL_NO_JAVA, DLCTL_NO_RUNACTIVEXCTLS, DLCTL_NO_DLACTIVEXCTLS, DLCTL_NO_FRAMES, CMD_ALLOWPOPUP" Version="3.0">
  <Step ID="●2●7●3●9●3●0●" Type="Web" x="160" y="85">
    <Branch ID="≡2≡0≡0≡7≡3≡8≡0≡8≡1≡0≡" Action="Set" Type="WebBrowser" PictureIndex="" Name="CMD_CLEARCACHE" Comment="Чистим куки">
      <Parameters />
      <Results />
    </Branch>
    <Branch ID="≡3≡2≡0≡2≡2≡8≡7≡9≡" Action="Set" Type="WebBrowser" PictureIndex="" Name="CMD_NAVIGATIONTIMEOUT" Comment="Таймаут загрузки страницы">
      <Parameters>
        <Finder>
          <Document />
          <Form />
          <Element>
            <TabPath>page</TabPath>
          </Element>
        </Finder>
        <Value>5</Value>
      </Parameters>
      <Results />
    </Branch>
    <Branch ID="≡3≡6≡2≡0≡6≡3≡4≡8≡8≡" Action="Get" Type="Macros" PictureIndex="" Name="{-Counter.Set-|-count1-|-1-}" Comment="i=1">
      <Parameters />
      <Results />
    </Branch>
    <Branch ID="≡1≡2≡0≡2≡5≡4≡0≡7≡7≡2≡" Action="Get" Type="Macros" PictureIndex="" Name="{-Counter.Get-|-count1-}" Comment="даем значение счетчика">
      <Parameters />
      <Results />
    </Branch>
    <Branch ID="≡1≡5≡9≡9≡4≡9≡6≡5≡1≡7≡" Action="Set" Type="WebBrowser" PictureIndex="" Name="CMD_NAVIGATE" Comment="Заходим на страницу i">
      <Parameters>
        <Value>www.moviesubtitles.ru/movie-{-FieldData.FieldData-|-●2●7●3●9●3●0●-|-≡1≡2≡0≡2≡5≡4≡0≡7≡7≡2≡-}.html</Value>
      </Parameters>
      <Results />
    </Branch>
    <Branch ID="≡5≡3≡4≡0≡3≡2≡8≡2≡6≡" Action="Get" Type="WebBrowser" PictureIndex="" Comment="берём html" Name="CMD_SOURCE_HTML" OutBad="●1●2●3●5●8●9●|≡2≡7≡6≡7≡9≡6≡3≡7≡1≡">
      <Parameters>
        <Finder>
          <Document />
          <Form />
          <Element>
            <TabPath>page</TabPath>
          </Element>
        </Finder>
        <Value>page-|-</Value>
      </Parameters>
      <Results />
    </Branch>
    <Branch ID="≡4≡0≡9≡5≡4≡0≡6≡9≡8≡" Action="Get" Type="Macros" PictureIndex="" Name="{-RegExp.RegExp-|-{-FieldData.FieldData-|-●2●7●3●9●3●0●-|-≡5≡3≡4≡0≡3≡2≡8≡2≡6≡-}-|-(?&lt;=\&lt;a href\=\&quot;).*(?=l\&quot;\&gt;\&lt;b\&gt;русские субтитры\&lt;\/b\&gt;)-|-0-}" Comment="ищем ссылку" OutBad="●1●2●3●5●8●9●|≡2≡7≡6≡7≡9≡6≡3≡7≡1≡">
      <Parameters />
      <Results />
    </Branch>
    <Branch ID="≡1≡1≡2≡8≡7≡7≡0≡5≡9≡1≡" Action="Get" Type="Macros" PictureIndex="" Comment="записываем в файл" Name="{-File.AppendString-|-\Results\subs\links.txt-|-http://www.moviesubtitles.ru{-FieldData.FieldData-|-●2●7●3●9●3●0●-|-≡4≡0≡9≡5≡4≡0≡6≡9≡8≡-}-|-true-}">
      <Parameters />
      <Results />
    </Branch>
    <Branch ID="≡2≡7≡6≡7≡9≡6≡3≡7≡1≡" Action="Get" Type="Macros" PictureIndex="" Comment="i++" Name="{-Counter.Add-|-count1-|-1-}" OutGood="●4●8●0●1●7●5●|≡8≡5≡5≡1≡5≡9≡1≡9≡5≡">
      <Parameters />
      <Results />
    </Branch>
  </Step>
  <Step ID="●4●8●0●1●7●5●" Type="Web" x="623" y="636">
    <Branch ID="≡8≡5≡5≡1≡5≡9≡1≡9≡5≡" Action="Set" Type="Logic" PictureIndex="" Name="if" Comment="i &lt; 5000" OutGood="●2●7●3●9●3●0●|≡1≡2≡0≡2≡5≡4≡0≡7≡7≡2≡">
      <Parameters>
        <Expression>{-FieldData.FieldData-|-●2●7●3●9●3●0●-|-≡1≡2≡0≡2≡5≡4≡0≡7≡7≡2≡-} &lt;= 5000</Expression>
      </Parameters>
      <Results />
    </Branch>
  </Step>Web<Branch ID="≡8≡5≡5≡1≡5≡9≡1≡9≡5≡" Action="Set" Type="Logic" PictureIndex="" Name="if"><Parameters><Expression>{-FieldData.FieldData-|-●2●7●3●9●3●0●-|-≡1≡2≡0≡2≡5≡4≡0≡7≡7≡2≡-} &lt;= 5000</Expression></Parameters><Results /></Branch><Step ID="●1●2●3●5●8●9●" Type="Web" x="619" y="811"><Branch ID="≡2≡7≡6≡7≡9≡6≡3≡7≡1≡" Action="Get" Type="Macros" PictureIndex="" Comment="i++" Name="{-Counter.Add-|-count1-|-1-}" OutGood="●2●7●3●9●3●0●|≡1≡2≡0≡2≡5≡4≡0≡7≡7≡2≡"><Parameters /><Results /></Branch></Step></Project>