﻿<?xml version="1.0" encoding="utf-8"?>
<Project Name="subtitres2.xml" ProxyFilter="" Flags="DLCTL_DLIMAGES, DLCTL_VIDEOS, DLCTL_BGSOUNDS, DLCTL_NO_SCRIPTS, DLCTL_NO_JAVA, DLCTL_NO_RUNACTIVEXCTLS, DLCTL_NO_DLACTIVEXCTLS, DLCTL_NO_FRAMES, CMD_ALLOWPOPUP" Version="3.0">
  <Step ID="●3●2●5●9●3●0●" Type="Web" x="150" y="110" IsFirst="True">
    <Branch ID="≡9≡5≡7≡0≡9≡1≡3≡4≡6≡" Action="Set" Type="WebBrowser" PictureIndex="" Name="CMD_CLEARCACHE">
      <Parameters />
      <Results />
    </Branch>
    <Branch ID="≡1≡6≡1≡8≡1≡6≡8≡7≡0≡8≡" Action="Set" Type="WebBrowser" PictureIndex="" Name="CMD_NAVIGATIONTIMEOUT">
      <Parameters>
        <Value>3</Value>
      </Parameters>
      <Results />
    </Branch>
    <Branch ID="≡1≡3≡3≡7≡1≡6≡5≡9≡" Action="Get" Type="Macros" PictureIndex="" Name="{-File.GetString-|-\Resources\links.txt-|-0-|-true-}">
      <Parameters />
      <Results />
    </Branch>
    <Branch ID="≡1≡3≡4≡4≡5≡6≡5≡0≡3≡4≡" Action="Set" Type="WebBrowser" PictureIndex="" Name="CMD_NAVIGATE">
      <Parameters>
        <Value>{-FieldData.FieldData-|-●3●2●5●9●3●0●-|-≡1≡3≡3≡7≡1≡6≡5≡9≡-}</Value>
      </Parameters>
      <Results />
    </Branch>
    <Branch ID="≡1≡8≡5≡9≡4≡5≡2≡9≡1≡9≡" Action="Get" Type="WebBrowser" PictureIndex="" Name="CMD_SOURCE_HTML">
      <Parameters>
        <Value>page-|-</Value>
      </Parameters>
      <Results />
    </Branch>
    <Branch ID="≡7≡2≡4≡0≡4≡2≡1≡2≡3≡" Action="Get" Type="Macros" PictureIndex="" Name="{-RegExp.RegExp-|-{-FieldData.FieldData-|-●3●2●5●9●3●0●-|-≡1≡8≡5≡9≡4≡5≡2≡9≡1≡9≡-}-|-(?&lt;=\&lt;a href\=\&quot;).*(?=\&quot;\&gt;\&lt;nobr\&gt;\&lt;h3 style\=\&quot;font: 1\.7em Tahoma\, Arial \&quot;\&gt;)-|-0-}">
      <Parameters />
      <Results />
    </Branch>
    <Branch ID="≡6≡0≡6≡6≡3≡4≡8≡6≡7≡" Action="Get" Type="Macros" PictureIndex="" Name="{-File.AppendString-|-\Results\download.txt-|-http://www.moviesubtitles.ru/{-FieldData.FieldData-|-●3●2●5●9●3●0●-|-≡7≡2≡4≡0≡4≡2≡1≡2≡3≡-}-|-true-}">
      <Parameters />
      <Results />
    </Branch>
  </Step>
</Project>